time_s,y_mm
238.033333,182.353226
238.041666,182.354201
238.050000,182.368387
238.058333,182.371729
238.066666,182.357970
238.075000,182.345370
238.083333,182.322898
238.091666,182.318300
238.100000,182.311866
238.108333,182.300893
238.116666,182.289772
238.125000,182.282264
238.133333,182.253147
238.141666,182.234837
238.150000,182.221789
238.158333,182.222834
238.166666,182.229591
238.175000,182.228180
238.183333,182.222051
238.191666,182.205532
238.200000,182.184900
238.208333,182.176498
238.216666,182.163226
238.225000,182.167165
238.233333,182.161443
238.241666,182.149362
238.250000,182.124440
238.258333,182.118596
238.266666,182.086936
238.275000,182.075121
238.283333,182.063780
238.291666,182.047639
238.300000,182.047997
238.308333,182.048921
238.316666,182.030961
238.325000,182.011459
238.333333,181.975349
238.341666,181.976778
238.350000,181.961286
238.358333,181.962692
238.366666,181.966246
238.375000,181.955314
238.383333,181.947917
238.391666,181.941024
238.400000,181.926952
238.408333,181.909746
238.416666,181.917144
238.425000,181.906162
238.433333,181.899655
238.441666,181.884597
238.450000,181.865829
238.458333,181.839947
238.466666,181.825417
238.475000,181.812717
238.483333,181.801766
238.491666,181.793372
238.500000,181.782255
238.508333,181.769570
238.516666,181.753536
238.525000,181.730295
238.533333,181.718474
238.541666,181.716765
238.550000,181.717319
238.558333,181.713381
238.566666,181.709892
238.575000,181.693416
238.583333,181.678462
238.591666,181.668017
238.600000,181.662839
238.608333,181.651866
238.616666,181.628318
238.625000,181.622721
238.633333,181.618056
238.641666,181.604261
238.650000,181.588278
238.658333,181.574868
238.666666,181.557122
238.675000,181.548065
238.683333,181.534305
238.691666,181.520268
238.700000,181.511520
238.708333,181.490690
238.716666,181.481231
238.725000,181.457934
238.733333,181.452233
238.741666,181.433307
238.750000,181.419172
238.758333,181.401149
238.766666,181.402115
238.775000,181.378190
238.783333,181.370571
238.791666,181.359345
238.800000,181.343619
238.808333,181.338859
238.816666,181.318000
238.825000,181.301878
238.833333,181.288310
238.841666,181.275611
238.850000,181.273824
238.858333,181.262077
238.866666,181.242970
238.875000,181.231956
238.883333,181.213406
238.891666,181.196065
238.900000,181.192564
238.908333,181.194348
238.916666,181.177861
238.925000,181.154825
238.933333,181.149022
238.941666,181.125361
238.950000,181.106394
238.958333,181.092516
238.966666,181.091098
238.975000,181.075342
238.983333,181.062252
238.991666,181.055971
239.000000,181.046410
239.008333,181.031737
239.016666,181.024320
239.025000,181.009639
239.033333,180.992425
239.041666,180.969266
239.050000,180.950074
239.058333,180.947535
239.066666,180.936006
239.075000,180.936479
239.083333,180.936829
239.091666,180.927759
239.100000,180.912024
239.108333,180.885953
239.116666,180.852966
239.125000,180.809784
239.133333,180.779455
239.141666,180.760321
239.150000,180.746630
239.158333,180.720861
239.166666,180.705069
239.175000,180.695557
239.183333,180.659008
239.191666,180.649759
239.200000,180.637553
239.208333,180.624981
239.216666,180.625621
239.225000,180.623152
239.233333,180.626182
239.241666,180.611600
239.250000,180.592232
239.258333,180.562998
239.266666,180.547269
239.275000,180.522593
239.283333,180.510749
239.291666,180.504153
239.300000,180.496806
239.308333,180.497942
239.316666,180.474467
239.325000,180.455340
239.333333,180.420344
239.341666,180.403644
239.350000,180.413322
239.358333,180.406013
239.366666,180.398733
239.375000,180.386431
239.383333,180.372447
239.391666,180.355741
239.400000,180.352093
239.408333,180.344981
239.416666,180.352887
239.425000,180.351679
239.433333,180.344332
239.441666,180.335150
239.450000,180.309007
239.458333,180.288174
239.466666,180.271803
239.475000,180.260998
239.483333,180.252148
239.491666,180.244749
239.500000,180.219975
239.508333,180.209067
239.516666,180.188780
239.525000,180.180210
239.533333,180.178897
239.541666,180.173628
239.550000,180.179177
239.558333,180.163708
239.566666,180.161545
239.575000,180.154753
239.583333,180.141963
239.591666,180.141883
239.600000,180.135137
239.608333,180.129725
239.616666,180.120327
239.625000,180.103173
239.633333,180.087631
239.641666,180.073416
239.650000,180.064560
239.658333,180.056015
239.666666,180.048517
239.675000,180.050622
239.683333,180.035826
239.691666,180.022932
239.700000,180.022844
239.708333,180.017787
239.716666,180.011288
239.725000,180.005022
239.733333,179.988049
239.741666,179.988190
239.750000,179.976196
239.758333,179.958901
239.766666,179.967171
239.775000,179.951305
239.783333,179.944110
239.791666,179.930387
239.800000,179.926573
239.808333,179.922412
239.816666,179.916358
239.825000,179.914147
239.833333,179.892624
239.841666,179.885487
239.850000,179.872657
239.858333,179.874415
239.866666,179.858457
239.875000,179.861057
239.883333,179.850030
239.891666,179.831885
239.900000,179.823037
239.908333,179.815796
239.916666,179.808176
239.925000,179.808080
239.933333,179.800088
239.941666,179.794759
239.950000,179.781040
239.958333,179.772210
239.966666,179.757271
239.975000,179.759604
239.983333,179.745541
239.991666,179.740704
240.000000,179.737615
240.008333,179.731332
240.016666,179.728245
240.025000,179.722446
240.033333,179.718679
240.041666,179.714659
240.050000,179.694520
240.058333,179.674891
240.066666,179.666281
240.075000,179.656336
240.083333,179.662776
240.091666,179.665612
240.100000,179.667982
240.108333,179.665390
240.116666,179.651614
240.125000,179.633105
240.133333,179.617652
240.141666,179.585016
240.150000,179.573161
240.158333,179.559453
240.166666,179.545472
240.175000,179.537676
240.183333,179.526121
240.191666,179.505127
240.200000,179.493244
240.208333,179.476774
240.216666,179.486203
240.225000,179.483361
240.233333,179.496095
240.241666,179.494744
240.250000,179.477622
240.258333,179.467448
240.266666,179.447094
240.275000,179.444207
240.283333,179.442522
240.291666,179.438636
240.300000,179.434201
240.308333,179.426993
240.316666,179.406089
240.325000,179.395491
240.333333,179.406379
240.341666,179.399938
240.350000,179.416967
240.358333,179.413249
240.366666,179.416924
240.375000,179.395451
240.383333,179.407798
240.391666,179.415211
240.400000,179.421816
240.408333,179.429871
240.416666,179.439686
240.425000,179.446036
240.433333,179.455031
240.441666,179.445817
240.450000,179.440353
240.458333,179.443029
240.466666,179.435329
240.475000,179.444602
240.483333,179.441851
240.491666,179.445528
240.500000,179.424029
240.508333,179.412805
240.516666,179.409397
240.525000,179.417235
240.533333,179.426619
240.541666,179.423438
240.550000,179.433729
240.558333,179.425796
240.566666,179.416988
240.575000,179.411658
240.583333,179.419691
240.591666,179.427364
240.600000,179.448868
240.608333,179.448234
240.616666,179.446589
240.625000,179.438551
240.633333,179.428892
240.641666,179.426670
240.650000,179.426153
240.658333,179.445578
240.666666,179.445436
240.675000,179.440075
240.683333,179.429238
240.691666,179.417827
240.700000,179.425793
240.708333,179.426619
240.716666,179.433586
240.725000,179.425457
240.733333,179.432339
240.741666,179.433236
240.750000,179.425666
240.758333,179.429096
240.766666,179.435681
240.775000,179.432885
240.783333,179.434679
240.791666,179.430344
240.800000,179.437951
240.808333,179.440501
240.816666,179.442674
240.825000,179.442210
240.833333,179.450778
240.841666,179.454880
240.850000,179.454281
240.858333,179.447615
240.866666,179.444234
240.875000,179.455789
240.883333,179.466182
240.891666,179.476407
240.900000,179.464503
240.908333,179.479774
240.916666,179.472861
240.925000,179.474219
240.933333,179.469815
240.941666,179.481858
240.950000,179.488437
240.958333,179.502017
240.966666,179.503642
240.975000,179.500997
240.983333,179.498986
240.991666,179.496116
241.000000,179.501049
241.008333,179.516488
241.016666,179.533248
241.025000,179.546061
241.033333,179.561712
241.041666,179.553347
241.050000,179.562719
241.058333,179.567998
241.066666,179.577478
241.075000,179.582284
241.083333,179.584474
241.091666,179.593308
241.100000,179.608707
241.108333,179.615244
241.116666,179.619214
241.125000,179.625531
241.133333,179.639752
241.141666,179.650993
241.150000,179.661947
241.158333,179.666173
241.166666,179.653738
241.175000,179.648551
241.183333,179.637536
241.191666,179.628572
241.200000,179.647221
241.208333,179.649245
241.216666,179.661898
241.225000,179.675885
241.233333,179.675210
241.241666,179.691824
241.250000,179.722845
241.258333,179.734794
241.266666,179.754677
241.275000,179.776887
241.283333,179.787326
241.291666,179.790200
241.300000,179.796400
241.308333,179.811179
241.316666,179.815493
241.325000,179.824656
241.333333,179.843077
241.341666,179.858458
241.350000,179.865584
241.358333,179.873781
241.366666,179.891708
241.375000,179.898651
241.383333,179.923967
241.391666,179.944650
241.400000,179.978427
241.408333,179.985053
241.416666,180.003885
241.425000,180.014491
241.433333,180.039342
241.441666,180.070392
241.450000,180.102101
241.458333,180.130966
241.466666,180.155095
241.475000,180.175512
241.483333,180.178126
241.491666,180.186309
241.500000,180.207817
241.508333,180.236248
241.516666,180.253603
241.525000,180.278960
241.533333,180.290960
241.541666,180.305039
241.550000,180.309601
241.558333,180.333493
241.566666,180.369985
241.575000,180.394817
241.583333,180.435165
241.591666,180.457618
241.600000,180.482216
241.608333,180.506051
241.616666,180.513004
241.625000,180.541691
241.633333,180.573690
241.641666,180.610810
241.650000,180.635600
241.658333,180.643624
241.666666,180.660811
241.675000,180.681501
241.683333,180.697683
241.691666,180.729238
241.700000,180.754134
241.708333,180.777256
241.716666,180.794317
241.725000,180.803947
241.733333,180.822486
241.741666,180.851862
241.750000,180.861191
241.758333,180.887753
241.766666,180.912658
241.775000,180.927433
241.783333,180.946989
241.791666,180.961589
241.800000,180.978507
241.808333,181.004423
241.816666,181.022941
241.825000,181.045484
241.833333,181.048909
241.841666,181.068255
241.850000,181.090853
241.858333,181.117322
241.866666,181.147862
241.875000,181.173425
241.883333,181.183921
241.891666,181.192506
241.900000,181.213961
241.908333,181.232081
241.916666,181.254423
241.925000,181.280879
241.933333,181.307246
241.941666,181.334891
241.950000,181.352572
241.958333,181.356944
241.966666,181.365878
241.975000,181.384790
241.983333,181.412343
241.991666,181.443929
242.000000,181.461400
242.008333,181.476581
242.016666,181.484079
242.025000,181.493522
242.033333,181.518087
242.041666,181.556283
242.050000,181.588064
242.058333,181.616080
242.066666,181.630484
242.075000,181.646445
242.083333,181.662472
242.091666,181.688032
242.100000,181.708578
242.108333,181.729981
242.116666,181.743928
242.125000,181.766441
242.133333,181.770532
242.141666,181.780057
242.150000,181.793583
242.158333,181.801977
242.166666,181.827372
242.175000,181.849186
242.183333,181.842360
242.191666,181.833068
242.200000,181.832926
242.208333,181.829141
242.216666,181.846684
242.225000,181.872084
242.233333,181.896501
242.241666,181.915618
242.250000,181.909561
242.258333,181.923041
242.266666,181.926147
242.275000,181.931049
242.283333,181.951530
242.291666,181.967305
242.300000,181.985328
242.308333,181.991250
242.316666,181.998428
242.325000,181.989946
242.333333,181.997608
242.341666,181.998818
242.350000,182.017667
242.358333,182.026221
242.366666,182.033857
242.375000,182.037175
242.383333,182.036797
242.391666,182.055800
242.400000,182.056378
242.408333,182.072910
242.416666,182.076177
242.425000,182.084695
242.433333,182.077786
242.441666,182.090865
242.450000,182.116453
242.458333,182.130032
242.466666,182.155541
242.475000,182.163393
242.483333,182.164710
242.491666,182.166823
242.500000,182.172336
242.508333,182.163561
242.516666,182.188430
242.525000,182.194036
242.533333,182.200782
242.541666,182.210528
242.550000,182.214367
242.558333,182.215919
242.566666,182.218843
242.575000,182.212192
242.583333,182.236344
242.591666,182.249139
242.600000,182.274074
242.608333,182.276856
242.616666,182.280870
242.625000,182.283910
242.633333,182.284215
242.641666,182.291204
242.650000,182.295836
242.658333,182.315075
242.666666,182.331389
242.675000,182.337009
242.683333,182.324924
242.691666,182.309205
242.700000,182.301310
242.708333,182.305110
242.716666,182.312791
242.725000,182.323345
242.733333,182.323378
242.741666,182.308822
242.750000,182.287207
242.758333,182.277264
242.766666,182.282966
242.775000,182.286092
242.783333,182.293757
242.791666,182.289293
242.800000,182.272771
242.808333,182.250546
242.816666,182.238501
242.825000,182.241674
242.833333,182.231468
242.841666,182.241412
242.850000,182.227797
242.858333,182.212604
242.866666,182.192111
242.875000,182.172246
242.883333,182.163230
242.891666,182.168115
242.900000,182.157079
242.908333,182.149400
242.916666,182.139475
242.925000,182.116897
242.933333,182.092065
242.941666,182.085495
242.950000,182.069095
242.958333,182.060442
242.966666,182.060927
242.975000,182.046439
242.983333,182.033198
242.991666,182.010215
243.000000,181.998249
243.008333,181.983409
243.016666,181.980757
243.025000,181.959682
243.033333,181.950850
243.041666,181.932859
243.050000,181.919927
243.058333,181.918367
243.066666,181.908714
243.075000,181.901672
243.083333,181.903210
243.091666,181.871754
243.100000,181.847242
243.108333,181.821599
243.116666,181.807711
243.125000,181.800185
243.133333,181.798262
243.141666,181.789264
243.150000,181.782718
243.158333,181.762521
243.166666,181.730869
243.175000,181.705269
243.183333,181.671490
243.191666,181.641232
243.200000,181.625934
243.208333,181.587669
243.216666,181.564943
243.225000,181.532202
243.233333,181.492065
243.241666,181.465017
243.250000,181.442425
243.258333,181.442395
243.266666,181.426098
243.275000,181.412833
243.283333,181.383577
243.291666,181.377346
243.300000,181.359511
243.308333,181.339649
243.316666,181.324518
243.325000,181.306751
243.333333,181.290280
243.341666,181.262619
243.350000,181.231874
243.358333,181.210551
243.366666,181.190031
243.375000,181.180820
243.383333,181.158929
243.391666,181.138119
243.400000,181.112150
243.408333,181.090734
243.416666,181.073460
243.425000,181.060031
243.433333,181.045144
243.441666,181.038894
243.450000,181.018041
243.458333,181.014308
243.466666,180.997836
243.475000,180.996453
243.483333,180.991094
243.491666,180.987110
243.500000,180.976903
243.508333,180.958776
243.516666,180.932355
243.525000,180.908889
243.533333,180.885696
243.541666,180.866327
243.550000,180.849984
243.558333,180.842129
243.566666,180.827175
243.575000,180.799075
243.583333,180.780752
243.591666,180.752962
243.600000,180.749034
243.608333,180.742637
243.616666,180.737332
243.625000,180.733070
243.633333,180.730091
243.641666,180.704465
243.650000,180.694078
243.658333,180.681298
243.666666,180.664186
243.675000,180.651081
243.683333,180.642873
243.691666,180.624833
243.700000,180.614812
243.708333,180.597392
243.716666,180.576559
243.725000,180.559389
243.733333,180.542118
243.741666,180.533860
243.750000,180.526947
243.758333,180.524711
243.766666,180.509528
243.775000,180.488948
243.783333,180.470691
243.791666,180.447163
243.800000,180.427160
243.808333,180.428074
243.816666,180.419085
243.825000,180.422175
243.833333,180.412464
243.841666,180.383954
243.850000,180.371746
243.858333,180.341536
243.866666,180.334869
243.875000,180.327730
243.883333,180.340707
243.891666,180.321385
243.900000,180.304464
243.908333,180.288261
243.916666,180.277738
243.925000,180.239696
243.933333,180.242232
243.941666,180.230575
243.950000,180.239788
243.958333,180.232304
243.966666,180.198699
243.975000,180.184633
243.983333,180.159899
243.991666,180.147884
244.000000,180.150794
244.008333,180.138585
244.016666,180.135720
244.025000,180.118120
244.033333,180.091356
244.041666,180.072323
244.050000,180.060303
244.058333,180.053484
244.066666,180.038935
244.075000,180.037740
244.083333,180.019016
244.091666,179.995510
244.100000,179.976322
244.108333,179.961409
244.116666,179.958131
244.125000,179.957270
244.133333,179.963004
244.141666,179.944417
244.150000,179.919141
244.158333,179.885907
244.166666,179.857532
244.175000,179.858605
244.183333,179.860664
244.191666,179.863683
244.200000,179.865360
244.208333,179.857486
244.216666,179.834975
244.225000,179.812636
244.233333,179.796996
244.241666,179.768252
244.250000,179.753733
244.258333,179.740533
244.266666,179.713104
244.275000,179.683366
244.283333,179.666718
244.291666,179.641802
244.300000,179.634700
244.308333,179.628371
244.316666,179.619613
244.325000,179.612184
244.333333,179.595094
244.341666,179.588401
244.350000,179.600087
244.358333,179.599808
244.366666,179.579799
244.375000,179.568319
244.383333,179.549357
244.391666,179.530615
244.400000,179.518609
244.408333,179.517019
244.416666,179.521812
244.425000,179.513319
244.433333,179.504021
244.441666,179.482150
244.450000,179.464510
244.458333,179.457552
244.466666,179.456099
244.475000,179.469917
244.483333,179.472678
244.491666,179.465123
244.500000,179.458296
244.508333,179.459381
244.516666,179.448842
244.525000,179.453728
244.533333,179.462606
244.541666,179.464396
244.550000,179.473785
244.558333,179.472319
244.566666,179.471012
244.575000,179.445563
244.583333,179.432873
244.591666,179.426676
244.600000,179.429065
244.608333,179.433463
244.616666,179.438456
244.625000,179.422111
244.633333,179.421816
244.641666,179.409750
244.650000,179.404188
244.658333,179.409749
244.666666,179.412955
244.675000,179.423601
244.683333,179.429074
244.691666,179.424011
244.700000,179.427051
244.708333,179.423338
244.716666,179.423596
244.725000,179.424659
244.733333,179.424952
244.741666,179.425047
244.750000,179.423549
244.758333,179.420681
244.766666,179.409345
244.775000,179.414681
244.783333,179.400772
244.791667,179.398354
244.800000,179.407666
244.808333,179.400870
244.816667,179.400775
244.825000,179.395299
244.833333,179.387487
244.841667,179.398320
244.850000,179.400763
244.858333,179.400959
244.866667,179.401110
244.875000,179.381989
244.883333,179.368706
244.891667,179.382033
244.900000,179.379230
244.908333,179.388262
244.916667,179.395175
244.925000,179.383969
244.933333,179.378309
244.941667,179.374400
244.950000,179.373611
244.958333,179.387382
244.966667,179.390386
244.975000,179.390588
244.983333,179.393122
244.991667,179.387609
245.000000,179.382455
245.008333,179.380096
245.016667,179.380919
245.025000,179.396121
245.033333,179.392298
245.041667,179.397249
245.050000,179.396936
245.058333,179.391729
245.066667,179.377775
245.075000,179.395601
245.083333,179.393970
245.091667,179.407042
245.100000,179.409936
245.108333,179.406143
245.116667,179.395382
245.125000,179.391686
245.133333,179.392987
245.141667,179.401812
245.150000,179.400163
245.158333,179.412844
245.166667,179.417414
245.175000,179.411202
245.183333,179.412606
245.191667,179.401880
245.200000,179.406050
245.208333,179.410066
245.216667,179.408551
245.225000,179.404370
245.233333,179.400311
245.241667,179.394526
245.250000,179.390472
245.258333,179.400442
245.266667,179.399546
245.275000,179.402566
245.283333,179.401491
245.291667,179.402042
245.300000,179.405850
245.308333,179.383160
245.316667,179.377143
245.325000,179.354840
245.333333,179.346024
245.341667,179.342323
245.350000,179.331767
245.358333,179.345473
245.366667,179.356512
245.375000,179.374081
245.383333,179.384084
245.391667,179.385528
245.400000,179.385607
245.408333,179.394708
245.416667,179.405347
245.425000,179.419791
245.433333,179.421046
245.441667,179.437541
245.450000,179.435725
245.458333,179.439155
245.466667,179.434240
245.475000,179.445095
245.483333,179.453280
245.491667,179.477926
245.500000,179.488127
245.508333,179.489287
245.516667,179.501599
245.525000,179.508197
245.533333,179.517632
245.541667,179.543928
245.550000,179.561783
245.558333,179.579331
245.566667,179.591326
245.575000,179.608434
245.583333,179.626557
245.591667,179.659600
245.600000,179.686201
245.608333,179.714839
245.616667,179.722471
245.625000,179.742639
245.633333,179.754281
245.641667,179.774630
245.650000,179.794744
245.658333,179.809831
245.666667,179.839523
245.675000,179.844233
245.683333,179.858365
245.691667,179.876949
245.700000,179.913209
245.708333,179.938118
245.716667,179.962922
245.725000,180.000169
245.733333,180.025567
245.741667,180.039040
245.750000,180.065735
245.758333,180.088758
245.766667,180.128875
245.775000,180.164635
245.783333,180.195821
245.791667,180.207510
245.800000,180.235385
245.808333,180.253170
245.816667,180.279258
245.825000,180.310787
245.833333,180.331517
245.841667,180.365300
245.850000,180.391200
245.858333,180.416767
245.866667,180.429666
245.875000,180.461388
245.883333,180.489416
245.891667,180.509392
245.900000,180.541511
245.908333,180.572132
245.916667,180.591779
245.925000,180.614197
245.933333,180.641072
245.941667,180.663819
245.950000,180.692551
245.958333,180.715584
245.966667,180.743070
245.975000,180.762529
245.983333,180.780054
245.991667,180.810791
246.000000,180.838050
246.008333,180.852355
246.016667,180.892315
246.025000,180.916297
246.033333,180.940544
246.041667,180.963298
246.050000,180.984253
246.058333,181.000918
246.066667,181.028976
246.075000,181.058089
246.083333,181.096664
246.091667,181.125230
246.100000,181.148983
246.108333,181.171477
246.116667,181.177048
246.125000,181.197279
246.133333,181.231597
246.141667,181.261337
246.150000,181.302062
246.158333,181.313331
246.166667,181.331310
246.175000,181.349118
246.183333,181.368989
246.191667,181.405463
246.200000,181.440268
246.208333,181.470038
246.216667,181.499215
246.225000,181.517717
246.233333,181.546315
246.241667,181.579335
246.250000,181.606183
246.258333,181.649381
246.266667,181.673439
246.275000,181.693332
246.283333,181.706361
246.291667,181.732548
246.300000,181.766830
246.308333,181.788391
246.316667,181.812051
246.325000,181.833259
246.333333,181.844567
246.341667,181.855919
246.350000,181.867194
246.358333,181.880286
246.366667,181.891931
246.375000,181.907537
246.383333,181.920725
246.391667,181.948917
246.400000,181.947072
246.408333,181.970204
246.416667,181.994636
246.425000,182.030600
246.433333,182.045499
246.441667,182.066205
246.450000,182.087730
246.458333,182.102653
246.466667,182.120740
246.475000,182.125120
246.483333,182.148336
246.491667,182.165070
246.500000,182.178489
246.508333,182.196128
246.516667,182.206194
246.525000,182.208988
246.533333,182.234801
246.541667,182.250628
246.550000,182.258659
246.558333,182.284737
246.566667,182.289300
246.575000,182.301056
246.583333,182.316199
246.591667,182.336973
246.600000,182.364188
246.608333,182.390944
246.616667,182.400303
246.625000,182.424959
246.633333,182.451033
246.641667,182.467400
246.650000,182.495190
246.658333,182.514131
246.666667,182.543074
246.675000,182.555857
246.683333,182.570884
246.691667,182.588875
246.700000,182.593309
246.708333,182.626195
246.716667,182.644335
246.725000,182.684134
246.733333,182.698940
246.741667,182.726272
246.750000,182.744441
246.758333,182.758372
246.766667,182.771392
246.775000,182.806949
246.783333,182.834192
246.791667,182.857387
246.800000,182.881680
246.808333,182.903854
246.816667,182.923140
246.825000,182.944187
246.833333,182.974148
246.841667,182.983100
246.850000,182.999269
246.858333,183.018561
246.866667,183.038522
246.875000,183.057760
246.883333,183.068594
246.891667,183.088578
246.900000,183.089001
246.908333,183.103841
246.916667,183.114287
246.925000,183.133001
246.933333,183.151630
246.941667,183.163437
246.950000,183.187988
246.958333,183.183339
246.966667,183.208315
246.975000,183.219416
246.983333,183.238173
246.991667,183.251477
247.000000,183.272435
247.008333,183.279960
247.016667,183.290940
247.025000,183.302923
247.033333,183.318246
247.041667,183.326352
247.050000,183.345829
247.058333,183.352876
247.066667,183.364028
247.075000,183.365702
247.083333,183.371519
247.091667,183.378128
247.100000,183.378104
247.108333,183.389981
247.116667,183.389371
247.125000,183.407006
247.133333,183.403168
247.141667,183.408161
247.150000,183.399273
247.158333,183.402718
247.166667,183.393033
247.175000,183.391513
247.183333,183.389992
247.191667,183.383801
247.200000,183.377431
247.208333,183.375690
247.216667,183.362840
247.225000,183.348701
247.233333,183.349194
247.241667,183.349041
247.250000,183.341632
247.258333,183.326611
247.266667,183.316660
247.275000,183.298687
247.283333,183.283146
247.291667,183.264927
247.300000,183.244112
247.308333,183.229159
247.316667,183.200325
247.325000,183.193778
247.333333,183.174424
247.341667,183.153855
247.350000,183.143653
247.358333,183.115267
247.366667,183.071417
247.375000,183.038705
247.383333,182.991118
247.391667,182.949178
247.400000,182.921728
247.408333,182.908085
247.416667,182.884846
247.425000,182.865132
247.433333,182.837096
247.441667,182.804195
247.450000,182.761771
247.458333,182.734372
247.466667,182.715940
247.475000,182.706916
247.483333,182.693683
247.491667,182.687624
247.500000,182.655116
247.508333,182.613285
247.516667,182.573468
247.525000,182.530951
247.533333,182.508954
247.541667,182.497258
247.550000,182.476155
247.558333,182.458990
247.566667,182.426166
247.575000,182.385571
247.583333,182.342427
247.591667,182.304225
247.600000,182.280913
247.608333,182.266435
247.616667,182.251432
247.625000,182.234738
247.633333,182.206812
247.641667,182.180095
247.650000,182.158242
247.658333,182.140294
247.666667,182.133916
247.675000,182.107174
247.683333,182.091975
247.691667,182.068937
247.700000,182.031714
247.708333,182.000736
247.716667,181.973837
247.725000,181.947633
247.733333,181.918822
247.741667,181.885732
247.750000,181.867189
247.758333,181.842371
247.766667,181.824728
247.775000,181.800098
247.783333,181.774194
247.791667,181.761366
247.800000,181.744048
247.808333,181.717177
247.816667,181.700000
247.825000,181.684589
247.833333,181.682409
247.841667,181.650375
247.850000,181.639409
247.858333,181.608535
247.866667,181.580257
247.875000,181.565523
247.883333,181.552216
247.891667,181.527058
247.900000,181.499849
247.908333,181.470463
247.916667,181.448857
247.925000,181.417760
247.933333,181.403809
247.941667,181.374728
247.950000,181.371813
247.958333,181.343833
247.966667,181.331841
247.975000,181.299864
247.983333,181.282151
247.991667,181.242422
248.000000,181.228658
248.008333,181.212848
248.016667,181.210424
248.025000,181.197277
248.033333,181.181279
248.041667,181.155054
248.050000,181.120077
248.058333,181.102382
248.066667,181.085372
248.075000,181.072142
248.083333,181.064020
248.091667,181.042692
248.100000,181.026230
248.108333,180.992097
248.116667,180.966176
248.125000,180.948779
248.133333,180.944173
248.141667,180.935628
248.150000,180.921095
248.158333,180.902576
248.166667,180.887406
248.175000,180.860563
248.183333,180.830173
248.191667,180.813617
248.200000,180.808056
248.208333,180.804846
248.216667,180.787136
248.225000,180.770245
248.233333,180.755594
248.241667,180.727584
248.250000,180.708038
248.258333,180.696216
248.266667,180.680450
248.275000,180.685348
248.283333,180.665067
248.291667,180.639366
248.300000,180.619773
248.308333,180.585926
248.316667,180.585329
248.325000,180.578225
248.333333,180.577822
248.341667,180.576804
248.350000,180.563316
248.358333,180.544768
248.366667,180.516684
248.375000,180.488174
248.383333,180.468962
248.391667,180.456688
248.400000,180.455768
248.408333,180.454996
248.416667,180.435648
248.425000,180.418011
248.433333,180.401041
248.441667,180.381990
248.450000,180.367115
248.458333,180.341514
248.466667,180.326927
248.475000,180.293618
248.483333,180.261055
248.491667,180.231099
248.500000,180.207655
248.508333,180.188033
248.516667,180.162436
248.525000,180.156004
248.533333,180.140503
248.541667,180.139657
248.550000,180.125983
248.558333,180.108219
248.566667,180.097915
248.575000,180.080010
248.583333,180.061456
248.591667,180.044545
248.600000,180.037021
248.608333,180.024730
248.616667,180.007152
248.625000,179.986974
248.633333,179.962894
248.641667,179.953535
248.650000,179.937810
248.658333,179.929474
248.666667,179.917495
248.675000,179.908483
248.683333,179.895338
248.691667,179.879982
248.700000,179.864121
248.708333,179.852276
248.716667,179.848165
248.725000,179.846205
248.733333,179.848116
248.741667,179.849677
248.750000,179.853477
248.758333,179.836544
248.766667,179.809705
248.775000,179.810301
248.783333,179.804676
248.791667,179.792124
248.800000,179.789100
248.808333,179.775311
248.816667,179.764583
248.825000,179.745287
248.833333,179.733176
248.841667,179.732703
248.850000,179.731072
248.858333,179.737796
248.866667,179.722498
248.875000,179.707933
248.883333,179.701230
248.891667,179.691342
248.900000,179.689640
248.908333,179.697805
248.916667,179.708216
248.925000,179.704136
248.933333,179.701469
248.941667,179.682615
248.950000,179.653517
248.958333,179.642597
248.966667,179.640232
248.975000,179.642293
248.983333,179.632194
248.991667,179.613499
249.000000,179.603604
249.008333,179.592797
249.016667,179.587233
249.025000,179.576811
249.033333,179.572808
249.041667,179.564438
249.050000,179.555532
249.058333,179.546911
249.066667,179.539600
249.075000,179.533729
249.083333,179.533022
249.091667,179.529482
249.100000,179.510032
249.108333,179.498144
249.116667,179.504567
249.125000,179.496865
249.133333,179.493252
249.141667,179.485840
249.150000,179.488034
249.158333,179.472900
249.166667,179.465125
249.175000,179.463876
249.183333,179.462314
249.191667,179.460458
249.200000,179.462448
249.208333,179.455010
249.216667,179.454790
249.225000,179.450709
249.233333,179.439743
249.241667,179.432610
249.250000,179.425552
249.258333,179.419089
249.266667,179.422633
249.275000,179.427528
249.283333,179.423850
249.291667,179.421500
249.300000,179.404419
249.308333,179.407879
249.316667,179.409027
249.325000,179.411633
249.333333,179.402566
249.341667,179.393956
249.350000,179.384857
249.358333,179.384762
249.366667,179.373974
249.375000,179.382038
249.383333,179.382246
249.391667,179.379620
249.400000,179.373466
249.408333,179.358502
249.416667,179.354307
249.425000,179.352426
249.433333,179.368549
249.441667,179.363347
249.450000,179.370583
249.458333,179.362369
249.466667,179.358649
249.475000,179.357704
249.483333,179.345269
249.491667,179.340444
249.500000,179.341700
249.508333,179.330042
249.516667,179.329456
249.525000,179.327976
249.533333,179.334403
249.541667,179.340954
249.550000,179.338314
249.558333,179.333608
249.566667,179.328827
249.575000,179.323498
249.583333,179.306363
249.591667,179.294301
249.600000,179.280239
249.608333,179.276879
249.616667,179.264373
249.625000,179.259030
249.633333,179.256953
249.641667,179.258087
249.650000,179.256046
249.658333,179.250636
249.666667,179.246134
249.675000,179.248681
249.683333,179.242137
249.691667,179.250785
249.700000,179.243062
249.708333,179.230281
249.716667,179.228202
249.725000,179.220484
249.733333,179.220479
249.741667,179.207576
249.750000,179.217601
249.758333,179.211161
249.766667,179.210295
249.775000,179.224250
249.783333,179.221036
249.791667,179.238813
249.800000,179.236220
249.808333,179.232140
249.816667,179.242353
249.825000,179.240102
249.833333,179.259279
249.841667,179.268107
249.850000,179.285131
249.858333,179.302279
249.866667,179.321554
249.875000,179.333983
249.883333,179.339393
249.891667,179.350464
249.900000,179.360618
249.908333,179.365981
249.916667,179.381089
249.925000,179.389177
249.933333,179.404487
249.941667,179.416701
249.950000,179.412862
249.958333,179.436898
249.966667,179.436651
249.975000,179.448810
249.983333,179.477065
249.991667,179.501110
250.000000,179.529043
250.008333,179.548361
250.016667,179.569886
250.025000,179.589735
250.033333,179.606267
250.041667,179.623629
250.050000,179.647815
250.058333,179.692909
250.066667,179.708290
250.075000,179.719079
250.083333,179.745067
250.091667,179.766192
250.100000,179.791304
250.108333,179.834030
250.116667,179.884477
250.125000,179.920934
250.133333,179.966905
250.141667,180.001534
250.150000,180.024377
250.158333,180.058463
250.166667,180.099884
250.175000,180.145409
250.183333,180.188250
250.191667,180.234254
250.200000,180.258008
250.208333,180.285781
250.216667,180.308145
250.225000,180.347926
250.233333,180.377609
250.241667,180.426534
250.250000,180.468043
250.258333,180.495150
250.266667,180.538435
250.275000,180.552302
250.283333,180.587366
250.291667,180.614125
250.300000,180.657394
250.308333,180.689289
250.316667,180.739876
250.325000,180.763482
250.333333,180.797103
250.341667,180.832211
250.350000,180.862564
250.358333,180.915516
250.366667,180.947114
250.375000,180.975183
250.383333,181.024056
250.391667,181.059896
250.400000,181.095784
250.408333,181.131532
250.416667,181.168798
250.425000,181.200189
250.433333,181.233199
250.441667,181.270592
250.450000,181.307336
250.458333,181.345397
250.466667,181.374492
250.475000,181.409297
250.483333,181.437608
250.491667,181.467518
250.500000,181.514686
250.508333,181.554799
250.516667,181.594798
250.525000,181.629513
250.533333,181.662102
250.541667,181.688554
250.550000,181.719652
250.558333,181.743299
250.566667,181.769995
250.575000,181.801303
250.583333,181.837069
250.591667,181.873988
250.600000,181.899665
250.608333,181.925477
250.616667,181.957831
250.625000,181.981842
250.633333,182.016274
250.641667,182.030233
250.650000,182.055147
250.658333,182.077838
250.666667,182.097621
250.675000,182.120519
250.683333,182.137898
250.691667,182.173526
250.700000,182.208681
250.708333,182.265886
250.716667,182.307763
250.725000,182.330711
250.733333,182.357557
250.741667,182.375899
250.750000,182.402515
250.758333,182.440433
250.766667,182.480509
250.775000,182.515825
250.783333,182.553658
250.791667,182.572600
250.800000,182.585729
250.808333,182.604890
250.816667,182.640944
250.825000,182.676185
250.833333,182.724883
250.841667,182.752335
250.850000,182.782896
250.858333,182.802903
250.866667,182.830855
250.875000,182.864499
250.883333,182.897701
250.891667,182.926635
250.900000,182.973405
250.908333,183.009617
250.916667,183.049035
250.925000,183.084919
250.933333,183.122498
250.941667,183.154564
250.950000,183.189604
250.958333,183.211088
250.966667,183.248891
250.975000,183.281662
250.983333,183.318893
250.991667,183.337166
251.000000,183.359066
251.008333,183.394244
251.016667,183.425850
251.025000,183.455821
251.033333,183.497573
251.041667,183.520025
251.050000,183.548496
251.058333,183.575334
251.066667,183.599812
251.075000,183.641586
251.083333,183.691976
251.091667,183.736014
251.100000,183.762863
251.108333,183.797044
251.116667,183.820237
251.125000,183.851535
251.133333,183.887051
251.141667,183.929896
251.150000,183.955171
251.158333,183.978274
251.166667,183.999477
251.175000,184.016859
251.183333,184.039167
251.191667,184.064593
251.200000,184.078776
251.208333,184.118897
251.216667,184.151890
251.225000,184.167854
251.233333,184.182467
251.241667,184.202381
251.250000,184.209629
251.258333,184.227140
251.266667,184.242810
251.275000,184.268982
251.283333,184.286776
251.291667,184.305289
251.300000,184.312731
251.308333,184.317450
251.316667,184.331143
251.325000,184.333811
251.333333,184.353468
251.341667,184.363993
251.350000,184.383453
251.358333,184.395694
251.366667,184.400024
251.375000,184.406576
251.383333,184.412123
251.391667,184.419311
251.400000,184.419466
251.408333,184.448101
251.416667,184.463461
251.425000,184.471793
251.433333,184.473009
251.441667,184.463621
251.450000,184.464754
251.458333,184.460822
251.466667,184.466193
251.475000,184.471047
251.483333,184.485928
251.491667,184.491581
251.500000,184.504868
